{"train_loss": [54.006159789312015, 18.374090151562477, 13.06701429042655, 10.693307614297717, 9.162002932752142, 7.985551582170769, 7.040967634129726, 6.301733834320731, 5.680025697761048, 5.142177670367233, 4.748309906199125, 4.4498725725456945, 4.151237998566668, 4.02592815334748, 3.899098381346184], "val_loss": [22.635675574551108, 13.828650250154382, 12.949387774747962, 11.247231852106687, 10.635032549625686, 10.245148105781618, 9.778433623434115, 9.795328933651708, 10.176974729329599, 10.0767239722885, 10.113972663879395, 10.138546831467572, 10.229054106383764, 10.177588062126096, 10.261229170470678], "val_f1": [0.518062004142907, 0.6814732624961547, 0.687504706429345, 0.7231185527494433, 0.7455596248116815, 0.7520986817662296, 0.7633871003348198, 0.7701406391340011, 0.7724985218655047, 0.7822006572775152, 0.7857808292869239, 0.7862678514656304, 0.7880434516793404, 0.7930995525101854, 0.7909176967700392]}